method,rows,converged,convergence_rate,other_root,other_root_rate,decision_evaluated,decision_mismatch,decision_mismatch_rate,avg_root_error_to_relevant_bps,avg_iterations_or_trials,avg_time_seconds
bisection_known_bracket,217,217,1,0,0,0,0,,0.151316731623,2.97695852535,7.61069124424e-05
evbayiro_rrr_first,220,217,0.986363636364,0,0,220,0,0,0,107.840909091,0.000931095
excel_default_guess_proxy,220,211,0.959090909091,14,0.0636363636364,211,15,0.0710900473934,830.999803375,6.15909090909,4.77436363636e-05
newton,660,631,0.956060606061,40,0.0606060606061,631,29,0.0459587955626,956.609734081,6.23787878788,4.19357575758e-05
numpy_financial_irr,220,217,0.986363636364,26,0.118181818182,217,40,0.184331797235,960.309642361,1,0.000228720909091
pyxirr_irr,220,217,0.986363636364,14,0.0636363636364,217,17,0.0783410138249,843.088389584,1,1.97763636364e-05
secant,660,630,0.954545454545,39,0.0590909090909,630,27,0.0428571428571,944.410695956,7.77272727273,3.62925757576e-05
