method,rows,converged,convergence_rate,root_applicable,root_converged_applicable,root_convergence_applicable_rate,other_root,other_root_rate,decision_evaluated,decision_mismatch,decision_mismatch_rate,avg_root_error_to_relevant_bps,avg_iterations_or_trials,avg_time_seconds
bisection_known_bracket,217,217,1,217,217,1,0,0,0,0,,0.151316731623,2.97695852535,0.00017922764977
evbayiro_rrr_first,220,217,0.986363636364,217,217,1,0,0,220,0,0,0,107.840909091,0.00202915090909
excel_default_guess_proxy,220,211,0.959090909091,217,211,0.972350230415,14,0.0636363636364,211,15,0.0710900473934,830.999803375,6.15909090909,0.000104313636364
newton,660,631,0.956060606061,651,631,0.969278033794,40,0.0606060606061,631,29,0.0459587955626,956.609734081,6.23787878788,0.000106855606061
numpy_financial_irr,220,217,0.986363636364,217,217,1,26,0.118181818182,217,40,0.184331797235,960.309642361,1,0.000414235
pyxirr_irr,220,217,0.986363636364,217,217,1,14,0.0636363636364,217,17,0.0783410138249,843.088389584,1,2.92690909091e-05
secant,660,630,0.954545454545,651,630,0.967741935484,39,0.0590909090909,630,27,0.0428571428571,944.410695956,7.77272727273,8.63107575758e-05
