method,rows,converged,convergence_rate,other_root,other_root_rate,decision_evaluated,decision_mismatch,decision_mismatch_rate,avg_root_error_to_relevant_bps,avg_iterations_or_trials,avg_time_seconds
bisection_known_bracket,22,22,1,0,0,0,0,,0.172051102817,3,0.000275440909091
evbayiro_rrr_first,22,22,1,0,0,22,0,0,0,36.0454545455,0.000768454545455
newton,66,64,0.969696969697,9,0.136363636364,64,3,0.046875,1531.97278198,5.75757575758,6.42651515152e-05
secant,66,64,0.969696969697,9,0.136363636364,64,3,0.046875,1531.97278198,7.25757575758,4.09833333333e-05
