method,rows,converged,convergence_rate,other_root,other_root_rate,decision_evaluated,decision_mismatch,decision_mismatch_rate,avg_root_error_to_relevant_bps,avg_iterations_or_trials,avg_time_seconds
bisection_known_bracket,22,22,1,0,0,0,0,,0.172051102817,3,0.000123268181818
evbayiro_rrr_first,22,22,1,0,0,22,0,0,0,36.0454545455,0.00135849090909
newton,66,64,0.969696969697,9,0.136363636364,64,3,0.046875,1531.97278198,5.75757575758,7.07984848485e-05
secant,66,64,0.969696969697,9,0.136363636364,64,3,0.046875,1531.97278198,7.25757575758,5.28015151515e-05
