method,rows,converged,convergence_rate,other_root,other_root_rate,decision_evaluated,decision_mismatch,decision_mismatch_rate,avg_root_error_to_relevant_bps,avg_iterations_or_trials,avg_time_seconds
bisection_known_bracket,49,49,1,0,0,0,0,,0.185363260865,2.89795918367,0.000163995918367
evbayiro_rrr_first,49,49,1,0,0,49,0,0,0,15.3673469388,0.000350469387755
excel_default_guess_proxy,49,49,1,4,0.0816326530612,49,4,0.0816326530612,359.686402185,4.83673469388,5.48040816327e-05
newton,147,146,0.993197278912,8,0.0544217687075,146,8,0.0547945205479,241.495549468,5.06802721088,5.73353741497e-05
numpy_financial_irr,49,49,1,3,0.0612244897959,49,3,0.0612244897959,318.870075451,1,0.000380408163265
pyxirr_irr,49,49,1,3,0.0612244897959,49,3,0.0612244897959,318.870075451,1,1.73714285714e-05
secant,147,146,0.993197278912,9,0.0612244897959,146,9,0.0616438356164,277.844229762,5.93197278912,6.21721088435e-05
