method,rows,converged,convergence_rate,root_applicable,root_converged_applicable,root_convergence_applicable_rate,other_root,other_root_rate,decision_evaluated,decision_mismatch,decision_mismatch_rate,avg_root_error_to_relevant_bps,avg_iterations_or_trials,avg_time_seconds
bisection_known_bracket,49,49,1,49,49,1,0,0,0,0,,0.185363260865,2.89795918367,0.000100357142857
evbayiro_rrr_first,49,49,1,49,49,1,0,0,49,0,0,0,15.3673469388,0.000258875510204
excel_default_guess_proxy,49,49,1,49,49,1,4,0.0816326530612,49,4,0.0816326530612,359.686402185,4.83673469388,3.99448979592e-05
newton,147,146,0.993197278912,147,146,0.993197278912,8,0.0544217687075,146,8,0.0547945205479,241.495549468,5.06802721088,4.57836734694e-05
numpy_financial_irr,49,49,1,49,49,1,3,0.0612244897959,49,3,0.0612244897959,318.870075451,1,0.000262948979592
pyxirr_irr,49,49,1,49,49,1,3,0.0612244897959,49,3,0.0612244897959,318.870075451,1,1.43489795918e-05
secant,147,146,0.993197278912,147,146,0.993197278912,9,0.0612244897959,146,9,0.0616438356164,277.844229762,5.93197278912,4.03442176871e-05
