method,rows,converged,convergence_rate,other_root,other_root_rate,decision_evaluated,decision_mismatch,decision_mismatch_rate,avg_root_error_to_relevant_bps,avg_iterations_or_trials,avg_time_seconds
bisection_known_bracket,49,49,1,0,0,0,0,,0.185363260865,2.89795918367,6.98163265306e-05
evbayiro_rrr_first,49,49,1,0,0,49,0,0,0,15.3673469388,0.000275646938776
newton,147,146,0.993197278912,8,0.0544217687075,146,8,0.0547945205479,241.495549468,5.06802721088,3.97551020408e-05
secant,147,146,0.993197278912,9,0.0612244897959,146,9,0.0616438356164,277.844229762,5.93197278912,3.4712244898e-05
